Question,Answer
What makes Sri Lanka a unique travel destination?,"Sri Lanka is a diverse paradise known for its stunning landscapes, rich history, vibrant culture, and warm hospitality. From pristine beaches to lush tea plantations and ancient temples, there's something for every traveler."
When is the best time to visit Sri Lanka?,"The best time to visit Sri Lanka depends on the region. Generally, the dry season from December to March is ideal for most parts of the island, while the Hill Country is best visited from April to September."
How can I obtain a visa for Sri Lanka?,"Visitors can apply for an Electronic Travel Authorization (ETA) online before arriving in Sri Lanka. It's a simple process, and details can be found on the official Sri Lanka ETA website."
What are the must-visit attractions in Sri Lanka?,"Some top attractions include Sigiriya Rock Fortress, ancient city of Anuradhapura, Yala National Park, Ella's scenic train ride, and the beautiful beaches of Unawatuna."
Is Sri Lanka a safe destination for tourists?,"Yes, Sri Lanka is generally considered safe for tourists. The country has taken significant steps to enhance security, and visitors are welcomed with warmth. However, it's advisable to follow standard travel safety guidelines."
What are the local cuisines to try in Sri Lanka?,"Sri Lankan cuisine is diverse and flavorful. Don't miss trying rice and curry, hoppers, kottu roti, and fresh seafood. The country is also famous for its aromatic Ceylon tea."
How is the transportation system in Sri Lanka?,"Sri Lanka has a well-connected transportation system. Travelers can use buses, trains, tuk-tuks, and taxis to explore different regions. The train journey through the Hill Country is a must-try experience."
Are there any cultural etiquettes to be aware of?,"Yes, it's respectful to dress modestly when visiting religious sites. Removing shoes and hats before entering temples is customary. It's also polite to accept or give with the right hand and show respect to elders."
What outdoor activities are popular in Sri Lanka?,"Sri Lanka offers a range of outdoor activities, including surfing in Arugam Bay, whale watching in Mirissa, hiking in Ella, and wildlife safaris in national parks like Yala."
How can I plan a customized itinerary for my trip to Sri Lanka?,"You can plan a personalized itinerary based on your interests, duration of stay, and preferred destinations. Consider consulting with local travel agencies or using online travel planning tools for a tailored experience."
